City_ID,City,Country,Date,Lat,Lng,Max Temp,Humidity,Cloudiness,Wind Speed
0,Aktash,RU,2022-08-11 18:31:05,50.3,87.7333,43.27,91,56,3.29
1,Ahuimanu,US,2022-08-11 18:31:05,21.4447,-157.8378,82.11,72,75,16.11
2,Rikitea,PF,2022-08-11 18:31:06,-23.1203,-134.9692,73.04,72,99,22.32
3,Busselton,AU,2022-08-11 18:31:06,-33.65,115.3333,49.24,85,1,9.75
4,Panzhihua,CN,2022-08-11 18:31:07,26.5851,101.7128,72.34,86,100,0.87
5,Longyearbyen,SJ,2022-08-11 18:27:24,78.2186,15.6401,46.24,76,75,8.05
6,Ribeira Grande,PT,2022-08-11 18:21:32,38.5167,-28.7,77.4,73,40,16.11
7,Yellowknife,CA,2022-08-11 18:31:08,62.456,-114.3525,61.32,41,20,9.22
8,Norman Wells,CA,2022-08-11 18:30:43,65.282,-126.8329,59.04,58,75,6.91
9,Hobart,AU,2022-08-11 18:27:49,-42.8794,147.3294,44.06,90,40,3.44
10,Solnechnyy,RU,2022-08-11 18:31:09,50.7214,136.6319,52.03,98,97,4.23
11,Srednekolymsk,RU,2022-08-11 18:31:09,67.45,153.6833,61.43,89,89,5.06
12,Butaritari,KI,2022-08-11 18:31:09,3.0707,172.7902,81.86,73,99,11.54
13,Valparaiso,CL,2022-08-11 18:31:10,-33.0393,-71.6273,52.48,97,100,8.05
14,Tuktoyaktuk,CA,2022-08-11 18:31:10,69.4541,-133.0374,53.6,82,100,13.8
15,Hermanus,ZA,2022-08-11 18:31:11,-34.4187,19.2345,53.8,78,100,13.56
16,Mayo,US,2022-08-11 18:31:11,38.8876,-76.5119,87.46,61,0,5.75
17,Castro,BR,2022-08-11 18:21:26,-24.7911,-50.0119,59.76,51,11,6.89
18,Tual,ID,2022-08-11 18:31:12,-5.6667,132.75,79.9,81,85,13.65
19,Alpine,US,2022-08-11 18:30:26,32.835,-116.7664,97.57,33,0,6.91
20,Colares,PT,2022-08-11 18:31:13,38.7992,-9.4469,76.33,71,20,10.0
21,Saint-Philippe,RE,2022-08-11 18:31:13,-21.3585,55.7679,64.22,68,46,14.54
22,Northam,GB,2022-08-11 18:31:14,51.0333,-4.2167,77.4,44,4,6.44
23,Saskylakh,RU,2022-08-11 18:31:14,71.9167,114.0833,43.03,71,100,7.61
24,General Roca,AR,2022-08-11 18:31:15,-39.0333,-67.5833,60.31,33,83,8.16
25,Qaanaaq,GL,2022-08-11 18:22:42,77.484,-69.3632,38.91,73,100,7.85
26,Sendai,JP,2022-08-11 18:31:15,38.2689,140.8719,75.99,90,57,3.74
27,Thompson,CA,2022-08-11 18:22:43,55.7435,-97.8558,75.36,46,20,16.11
28,Sept-Iles,CA,2022-08-11 18:31:16,50.2001,-66.3821,68.52,82,20,12.66
29,Puerto Ayora,EC,2022-08-11 18:31:16,-0.7393,-90.3518,80.56,89,100,11.01
30,Mataura,NZ,2022-08-11 18:31:17,-46.1927,168.8643,28.51,96,12,2.91
31,Zhigansk,RU,2022-08-11 18:31:18,66.7697,123.3711,48.38,77,16,20.85
32,Bredasdorp,ZA,2022-08-11 18:31:18,-34.5322,20.0403,53.46,83,100,5.03
33,Ushuaia,AR,2022-08-11 18:31:19,-54.8,-68.3,38.82,87,40,2.3
34,Leningradskiy,RU,2022-08-11 18:31:19,69.3833,178.4167,46.15,83,95,2.3
35,Cherskiy,RU,2022-08-11 18:29:07,68.75,161.3,58.8,67,63,1.9
36,San Lawrenz,MT,2022-08-11 18:31:20,36.0553,14.204,79.86,81,0,8.46
37,Punta Arenas,CL,2022-08-11 18:31:20,-53.15,-70.9167,39.31,56,40,11.5
38,Barda,AZ,2022-08-11 18:31:21,40.3744,47.1267,85.28,50,0,6.8
39,Komsomolskiy,UZ,2022-08-11 18:31:21,40.4272,71.7189,81.32,34,55,4.61
40,Vila Franca Do Campo,PT,2022-08-11 18:31:22,37.7167,-25.4333,77.41,80,46,8.03
41,Beltinci,SI,2022-08-11 18:31:22,46.6053,16.2406,76.19,32,100,5.75
42,Iqaluit,CA,2022-08-11 18:29:53,63.7506,-68.5145,51.53,71,75,5.75
43,Kaitangata,NZ,2022-08-11 18:31:23,-46.2817,169.8464,31.08,91,8,6.15
44,Port Alfred,ZA,2022-08-11 18:31:23,-33.5906,26.891,63.64,83,100,8.19
45,Maarianhamina,AX,2022-08-11 18:31:24,60.0973,19.9348,69.66,73,0,3.44
46,Kodinsk,RU,2022-08-11 18:32:24,58.6881,99.1844,51.73,94,0,2.82
47,Chuy,UY,2022-08-11 18:32:24,-33.6971,-53.4616,58.84,70,7,6.87
48,Katsuura,JP,2022-08-11 18:32:25,35.1333,140.3,80.73,87,27,22.41
49,Muzhi,RU,2022-08-11 18:32:25,65.3667,64.6667,54.79,97,100,6.96
50,New Norfolk,AU,2022-08-11 18:32:26,-42.7826,147.0587,43.72,78,92,1.32
51,Sarai,RU,2022-08-11 18:32:26,53.7458,41.0213,65.77,61,3,7.36
52,Ancud,CL,2022-08-11 18:32:26,-41.8697,-73.8203,48.52,92,100,20.69
53,Bengkulu,ID,2022-08-11 18:18:58,-3.8004,102.2655,76.86,91,27,3.49
54,Dingle,PH,2022-08-11 18:32:27,10.9995,122.6711,76.23,88,55,1.9
55,Cape Town,ZA,2022-08-11 18:30:36,-33.9258,18.4232,59.88,79,40,11.01
56,Mar Del Plata,AR,2022-08-11 18:32:28,-38.0023,-57.5575,60.94,59,0,18.01
57,Georgetown,MY,2022-08-11 18:30:12,5.4112,100.3354,83.89,87,20,2.3
58,Alampur,IN,2022-08-11 18:32:28,15.8833,78.15,78.22,76,78,15.61
59,Albany,US,2022-08-11 18:32:26,42.6001,-73.9662,86.05,46,85,1.01
60,Bluff,NZ,2022-08-11 18:32:29,-46.6,168.3333,38.17,86,96,9.42
61,Tikapur,NP,2022-08-11 18:32:29,28.5,81.1333,80.92,76,32,4.45
62,Hilo,US,2022-08-11 18:32:29,19.7297,-155.09,84.27,96,100,4.61
63,Carnarvon,AU,2022-08-11 18:22:41,-24.8667,113.6333,61.09,33,0,15.68
64,Souillac,MU,2022-08-11 18:32:30,-20.5167,57.5167,68.38,64,40,18.41
65,Kapaa,US,2022-08-11 18:32:30,22.0752,-159.319,80.11,76,40,17.27
66,Atuona,PF,2022-08-11 18:32:31,-9.8,-139.0333,76.84,74,78,27.27
67,Opuwo,NA,2022-08-11 18:32:31,-18.0607,13.84,71.37,12,0,7.52
68,Mahebourg,MU,2022-08-11 18:32:32,-20.4081,57.7,70.25,64,40,18.41
69,Port-Gentil,GA,2022-08-11 18:32:32,-0.7193,8.7815,75.16,83,20,8.05
70,Beya,RU,2022-08-11 18:32:32,53.0533,90.9139,60.01,89,100,5.06
71,Genhe,CN,2022-08-11 18:27:49,50.7833,121.5167,54.46,84,88,2.21
72,Jutai,BR,2022-08-11 18:32:33,-5.1833,-68.9,89.73,44,73,3.27
73,Lamu,KE,2022-08-11 18:32:33,-2.2717,40.902,75.42,83,57,15.88
74,Kattivakkam,IN,2022-08-11 18:32:34,13.2167,80.3167,87.89,80,98,10.96
75,Eureka,US,2022-08-11 18:31:17,40.8021,-124.1637,66.2,81,29,3.0
76,Sironj,IN,2022-08-11 18:32:34,24.1,77.7,75.51,94,89,11.86
77,Lakatoro,VU,2022-08-11 18:32:35,-16.0999,167.4164,71.74,69,49,13.67
78,Paramonga,PE,2022-08-11 18:32:35,-10.6667,-77.8333,67.42,69,48,10.56
79,Kodiak,US,2022-08-11 18:19:53,57.79,-152.4072,54.91,94,100,5.75
80,Constitucion,CL,2022-08-11 18:32:36,-35.3333,-72.4167,55.67,65,0,8.7
81,Airai,TL,2022-08-11 18:22:48,-8.9266,125.4092,57.9,94,81,3.09
82,Barrow,US,2022-08-11 18:31:58,71.2906,-156.7887,42.82,87,100,21.85
83,Cururupu,BR,2022-08-11 18:29:41,-1.8283,-44.8683,86.27,58,95,7.11
84,Tucuman,AR,2022-08-11 18:31:19,-26.8241,-65.2226,68.0,34,28,4.61
85,Agua Verde,MX,2022-08-11 18:32:37,22.9,-106.05,89.69,71,95,7.94
86,Xining,CN,2022-08-11 18:27:56,36.6167,101.7667,67.57,85,100,2.8
87,Hithadhoo,MV,2022-08-11 18:31:37,-0.6,73.0833,81.93,75,6,8.16
88,Cidreira,BR,2022-08-11 18:32:38,-30.1811,-50.2056,62.49,70,0,6.76
89,Pangnirtung,CA,2022-08-11 18:32:38,66.1451,-65.7125,50.0,71,20,9.22
90,Kokomo,US,2022-08-11 18:28:00,40.4864,-86.1336,80.02,80,100,10.36
91,Nanortalik,GL,2022-08-11 18:33:39,60.1432,-45.2371,46.18,89,61,8.72
92,Havre,FR,2022-08-11 18:33:39,49.5833,0.3333,84.6,30,0,16.11
93,Tasiilaq,GL,2022-08-11 18:33:40,65.6145,-37.6368,41.16,81,29,2.84
94,Batemans Bay,AU,2022-08-11 18:30:17,-35.7167,150.1833,53.1,74,100,4.38
95,El Tigre,VE,2022-08-11 18:33:40,8.8875,-64.2454,87.24,57,99,1.3
96,Vila Velha,BR,2022-08-11 18:33:24,-20.3297,-40.2925,76.95,60,0,17.27
97,Puerto Del Rosario,ES,2022-08-11 18:33:41,28.5004,-13.8627,76.75,73,20,17.27
98,Walvis Bay,NA,2022-08-11 18:33:41,-22.9575,14.5053,54.55,87,1,0.0
99,Kavieng,PG,2022-08-11 18:33:42,-2.5744,150.7967,81.32,78,94,10.94
100,Port-Cartier,CA,2022-08-11 18:33:42,50.0334,-66.8654,68.22,75,49,7.54
101,Ulaangom,MN,2022-08-11 18:33:42,49.9811,92.0667,61.25,76,77,4.07
102,Sola,VU,2022-08-11 18:33:43,-13.8833,167.55,76.98,74,100,27.56
103,Krasnovishersk,RU,2022-08-11 18:33:43,60.4078,57.082,51.75,96,91,2.95
104,Victoria,HK,2022-08-11 18:30:19,22.2855,114.1577,82.33,92,100,5.01
105,Touros,BR,2022-08-11 18:33:44,-5.1989,-35.4608,80.42,71,22,13.51
106,Rocha,UY,2022-08-11 18:33:44,-34.4833,-54.3333,60.85,62,0,9.42
107,Coutances,FR,2022-08-11 18:33:45,49.05,-1.4333,76.08,42,0,12.19
108,Cabo San Lucas,MX,2022-08-11 18:31:19,22.8909,-109.9124,95.61,51,0,11.5
109,Flinders,AU,2022-08-11 18:33:45,-34.5833,150.8552,57.18,78,100,1.99
110,Krasnoselkup,RU,2022-08-11 18:33:46,65.7,82.4667,49.68,68,100,7.02
111,Acapulco,MX,2022-08-11 18:29:03,16.8634,-99.8901,85.82,74,75,5.75
112,Nazret,ET,2022-08-11 18:33:47,8.55,39.2667,63.01,88,100,10.49
113,Dong Hoi,VN,2022-08-11 18:33:47,17.4833,106.6,79.03,81,100,4.25
114,Horsham,GB,2022-08-11 18:33:47,51.064,-0.3272,86.67,30,0,10.36
115,Pedernales,DO,2022-08-11 18:33:48,18.0384,-71.744,87.01,60,13,7.67
116,Poum,NC,2022-08-11 18:33:48,-20.2333,164.0167,68.05,62,0,7.34
117,Lorengau,PG,2022-08-11 18:33:49,-2.0226,147.2712,80.2,78,29,5.01
118,Greeneville,US,2022-08-11 18:33:49,36.1632,-82.831,81.91,80,75,3.44
119,Kulhudhuffushi,MV,2022-08-11 18:33:50,6.6221,73.07,80.96,82,21,11.95
120,Arrecife,ES,2022-08-11 18:33:50,28.963,-13.5477,78.78,61,40,17.27
121,Severo-Kurilsk,RU,2022-08-11 18:33:50,50.6789,156.125,55.74,96,100,12.08
122,Mabaruma,GY,2022-08-11 18:33:51,8.2,-59.7833,86.0,74,40,6.91
123,Avarua,CK,2022-08-11 18:33:51,-21.2078,-159.775,73.45,83,20,13.8
124,Asfi,MA,2022-08-11 18:33:52,32.2994,-9.2372,72.48,75,0,16.4
125,Pevek,RU,2022-08-11 18:33:52,69.7008,170.3133,36.77,92,90,5.91
126,Smithers,CA,2022-08-11 18:33:52,54.7804,-127.1743,71.92,53,20,2.3
127,Rawson,AR,2022-08-11 18:33:53,-43.3002,-65.1023,60.8,33,2,12.8
128,Tolga,DZ,2022-08-11 18:33:53,34.7222,5.3785,101.21,24,0,5.7
129,Umea,SE,2022-08-11 18:33:54,63.8284,20.2597,62.91,51,0,6.91
130,Rio Gallegos,AR,2022-08-11 18:33:54,-51.6226,-69.2181,41.05,65,40,10.36
131,Saravena,CO,2022-08-11 18:33:54,6.9538,-71.8752,87.03,57,39,3.33
132,Jamestown,US,2022-08-11 18:31:00,42.097,-79.2353,76.05,47,40,12.66
133,Denpasar,ID,2022-08-11 18:31:59,-8.65,115.2167,80.26,88,40,10.36
134,Machilipatnam,IN,2022-08-11 18:34:55,16.1667,81.1333,84.9,73,100,12.82
135,Cody,US,2022-08-11 18:34:55,44.5263,-109.0565,87.91,38,0,6.91
136,Samarai,PG,2022-08-11 18:34:56,-10.6167,150.6667,78.96,81,97,17.38
137,Nuuk,GL,2022-08-11 18:34:56,64.1835,-51.7216,50.61,76,20,6.91
138,Pisco,PE,2022-08-11 18:34:57,-13.7,-76.2167,64.02,82,100,9.22
139,Margate,GB,2022-08-11 18:34:57,51.3813,1.3862,77.11,76,0,5.01
140,Pochutla,MX,2022-08-11 18:34:58,15.7432,-96.4661,84.02,57,100,5.88
141,Richards Bay,ZA,2022-08-11 18:34:58,-28.783,32.0377,70.57,74,4,13.44
142,Yambio,SS,2022-08-11 18:30:13,4.5721,28.3955,66.65,99,100,3.02
143,San Patricio,US,2022-08-11 18:34:59,28.017,-97.5169,96.17,51,100,3.83
144,Buala,SB,2022-08-11 18:34:59,-8.145,159.5921,78.96,82,84,4.9
145,Provideniya,RU,2022-08-11 18:34:59,64.3833,-173.3,49.91,92,100,7.25
146,Fairbanks,US,2022-08-11 18:31:17,64.8378,-147.7164,60.22,66,0,0.0
147,Tuatapere,NZ,2022-08-11 18:35:00,-46.1333,167.6833,33.21,88,4,5.53
148,Kiama,AU,2022-08-11 18:35:00,-34.6833,150.8667,57.38,76,100,5.01
149,Madison Heights,US,2022-08-11 18:33:30,42.4859,-83.1052,80.82,50,40,9.22
150,Te Anau,NZ,2022-08-11 18:35:01,-45.4167,167.7167,29.43,92,31,1.01
151,Tiksi,RU,2022-08-11 18:35:01,71.6872,128.8694,41.11,97,100,12.37
152,Ubrique,ES,2022-08-11 18:35:02,36.6778,-5.446,79.86,55,0,2.59
153,Tirumullaivasal,IN,2022-08-11 18:35:02,11.2333,79.8333,83.26,68,100,11.07
154,Hollola,FI,2022-08-11 18:35:03,61.05,25.4333,63.59,76,33,5.53
155,Hamilton,US,2022-08-11 18:35:03,39.1834,-84.5333,85.62,57,0,8.05
156,Bilibino,RU,2022-08-11 18:32:22,68.0546,166.4372,59.97,73,100,3.65
157,Katangli,RU,2022-08-11 18:35:04,51.7102,143.2326,53.78,89,29,5.1
158,New Glasgow,CA,2022-08-11 18:35:04,45.5834,-62.6486,74.79,63,89,5.35
159,Pangody,RU,2022-08-11 18:35:05,65.85,74.4859,60.55,49,100,13.98
160,Aygehovit,AM,2022-08-11 18:35:05,40.9795,45.2503,75.96,56,82,2.1
161,Upernavik,GL,2022-08-11 18:35:05,72.7868,-56.1549,41.9,80,100,7.34
162,Caravelas,BR,2022-08-11 18:35:06,-17.7125,-39.2481,76.46,64,100,9.78
163,Anadyr,RU,2022-08-11 18:35:06,64.75,177.4833,55.9,87,40,4.47
164,Meulaboh,ID,2022-08-11 18:35:07,4.1363,96.1285,77.74,84,100,1.05
165,Dikson,RU,2022-08-11 18:33:11,73.5069,80.5464,44.22,93,99,19.3
166,Esperance,AU,2022-08-11 18:35:07,-33.8667,121.9,54.09,69,94,9.33
167,Cap Malheureux,MU,2022-08-11 18:35:08,-19.9842,57.6142,70.47,57,92,5.99
168,Vaini,TO,2022-08-11 18:35:08,-21.2,-175.2,71.76,88,40,11.5
169,Clyde River,CA,2022-08-11 18:35:09,70.4692,-68.5914,41.23,87,75,11.5
170,Dongying,CN,2022-08-11 18:35:09,37.4564,118.4856,74.52,93,0,3.2
171,Tecoanapa,MX,2022-08-11 18:35:09,16.5167,-98.75,87.01,57,100,6.53
172,Lyubashivka,UA,2022-08-11 18:35:10,47.8372,30.2598,73.35,48,71,8.46
173,Novikovo,RU,2022-08-11 18:35:10,51.1537,37.8879,75.22,52,5,12.37
174,Nyurba,RU,2022-08-11 18:35:11,63.2842,118.3319,60.21,76,100,2.93
175,Geraldton,AU,2022-08-11 18:31:41,-28.7667,114.6,48.61,81,0,6.91
176,Pingliang,CN,2022-08-11 18:35:11,35.5392,106.6861,72.0,71,38,5.26
177,Araouane,ML,2022-08-11 18:35:12,18.9048,-3.5265,102.15,24,3,4.14
178,Loa Janan,ID,2022-08-11 18:35:12,-0.583,117.095,73.51,95,93,0.45
179,Andenes,NO,2022-08-11 18:35:13,69.3143,16.1194,51.78,82,75,32.21
180,Ponta Do Sol,PT,2022-08-11 18:35:13,32.6667,-17.1,75.13,69,68,4.61
181,Pesochnoye,RU,2022-08-11 18:35:14,58.006,39.1772,58.44,73,35,5.06
182,Beloha,MG,2022-08-11 18:36:14,-25.1667,45.05,66.49,62,0,9.22
183,Vestmannaeyjar,IS,2022-08-11 18:36:14,63.4427,-20.2734,50.99,81,75,11.5
184,Biltine,TD,2022-08-11 18:36:15,14.5333,20.9167,77.74,78,100,19.24
185,Kongolo,CD,2022-08-11 18:36:15,-5.3833,27.0,81.95,27,99,4.12
186,Bereda,ES,2022-08-11 18:36:16,43.2686,-7.5406,79.57,69,0,1.9
187,College,US,2022-08-11 18:36:16,64.8569,-147.8028,60.21,66,20,0.0
188,Barkhan,PK,2022-08-11 18:36:17,29.8977,69.5256,81.39,61,1,6.11
189,Suntar,RU,2022-08-11 18:36:17,62.1444,117.6319,61.59,72,100,2.95
190,Kesova Gora,RU,2022-08-11 18:33:17,57.5836,37.2922,58.53,69,64,5.19
191,Arraial Do Cabo,BR,2022-08-11 18:36:18,-22.9661,-42.0278,69.66,83,40,19.57
192,Bathsheba,BB,2022-08-11 18:36:19,13.2167,-59.5167,88.41,70,40,16.11
193,Garowe,SO,2022-08-11 18:36:19,8.4054,48.4845,82.0,48,100,20.96
194,Lasa,IT,2022-08-11 18:36:20,46.6166,10.7002,65.21,81,100,3.51
195,Sao Jose Da Coroa Grande,BR,2022-08-11 18:36:20,-8.8978,-35.1478,78.55,75,28,8.99
196,Sao Joao Da Barra,BR,2022-08-11 18:36:21,-21.6403,-41.0511,78.89,49,97,23.51
197,Caucaia,BR,2022-08-11 18:34:14,-3.7361,-38.6531,87.31,70,40,14.97
198,Fairview,US,2022-08-11 18:36:21,40.8126,-73.999,91.08,38,20,10.36
199,Melito Di Porto Salvo,IT,2022-08-11 18:36:22,37.9222,15.7714,83.23,65,100,9.22
200,Coruripe,BR,2022-08-11 18:36:22,-10.1256,-36.1756,77.76,80,40,11.3
201,Lavrentiya,RU,2022-08-11 18:36:23,65.5833,-171.0,42.96,90,68,4.92
202,Fomboni,KM,2022-08-11 18:36:23,-12.28,43.7425,75.31,71,4,8.01
203,Zhangjiakou,CN,2022-08-11 18:36:23,40.81,114.8794,74.98,68,92,4.5
204,Alofi,NU,2022-08-11 18:36:24,-19.0595,-169.9187,73.29,88,100,5.75
205,Ambon,ID,2022-08-11 18:36:25,-3.6954,128.1814,73.54,94,20,8.05
206,Boden,SE,2022-08-11 18:36:25,65.8252,21.6886,60.8,56,97,11.25
207,Wanning,CN,2022-08-11 18:36:25,18.8003,110.3967,79.12,90,100,1.83
208,Amapa,BR,2022-08-11 18:36:26,1.0,-52.0,83.46,63,100,2.53
209,Lagoa,PT,2022-08-11 18:36:26,39.05,-27.9833,73.9,79,100,13.89
210,Herat,AF,2022-08-11 18:36:27,34.5,62.0,73.0,24,0,39.37
211,Talnakh,RU,2022-08-11 18:36:27,69.4865,88.3972,46.94,74,81,3.0
212,Namibe,AO,2022-08-11 18:31:45,-15.1961,12.1522,62.33,89,62,4.45
213,Hohhot,CN,2022-08-11 18:36:28,40.8106,111.6522,70.09,73,0,2.24
214,Ketchikan,US,2022-08-11 18:31:58,55.3422,-131.6461,68.47,64,0,8.05
215,Ionia,US,2022-08-11 18:32:31,42.9873,-85.0711,80.24,45,40,0.0
216,Tura,IN,2022-08-11 18:36:29,25.5198,90.2201,74.19,93,38,4.9
217,Hasaki,JP,2022-08-11 18:36:29,35.7333,140.8333,81.28,86,17,25.7
218,Goundam,ML,2022-08-11 18:36:29,16.4145,-3.6708,99.01,30,43,3.22
219,Finspang,SE,2022-08-11 18:36:30,58.7058,15.7674,77.11,59,7,4.83
220,Iskateley,RU,2022-08-11 18:36:30,67.6803,53.1512,57.29,94,100,17.54
221,Tautira,PF,2022-08-11 18:36:31,-17.7333,-149.15,77.68,76,10,14.09
222,Grass Valley,US,2022-08-11 18:36:09,39.2191,-121.0611,88.95,31,0,7.0
223,Salinopolis,BR,2022-08-11 18:36:31,-0.6136,-47.3561,82.29,73,100,10.6
224,East London,ZA,2022-08-11 18:36:32,-33.0153,27.9116,58.14,94,0,2.3
225,Oranjemund,NA,2022-08-11 18:36:32,-28.55,16.4333,55.83,91,100,4.72
226,Haines Junction,CA,2022-08-11 18:36:32,60.7522,-137.5108,52.7,87,100,2.37
227,Port Elizabeth,ZA,2022-08-11 18:33:25,-33.918,25.5701,57.09,95,0,0.0
228,Codrington,AU,2022-08-11 18:37:33,-38.2667,141.9667,46.45,78,100,6.98
229,Biak,ID,2022-08-11 18:37:34,-0.9131,122.8766,76.1,86,96,0.92
230,Dubbo,AU,2022-08-11 18:37:34,-32.25,148.6167,51.93,100,75,11.5
231,Dhrangadhra,IN,2022-08-11 18:37:34,22.9833,71.4667,81.55,86,92,13.85
232,Nyrob,RU,2022-08-11 18:37:35,60.733,56.7202,51.8,97,100,4.12
233,Latung,PH,2022-08-11 18:37:35,5.5,120.8833,83.14,70,58,2.55
234,Gorom-Gorom,BF,2022-08-11 18:37:36,14.4439,-0.2361,96.44,34,65,6.76
235,Chapais,CA,2022-08-11 18:37:36,49.7834,-74.8492,53.38,93,100,9.78
236,Ngunguru,NZ,2022-08-11 18:37:36,-35.6167,174.5,45.27,82,7,9.35
237,Bethel,US,2022-08-11 18:37:37,41.3712,-73.414,89.37,47,0,9.22
238,Porto Torres,IT,2022-08-11 18:34:00,40.835,8.3972,86.18,59,0,0.98
239,Sundumbili,ZA,2022-08-11 18:37:38,-29.1337,31.3975,65.5,84,0,3.62
240,Doha,QA,2022-08-11 18:33:16,25.2867,51.5333,98.91,77,91,5.75
241,Smidovich,RU,2022-08-11 18:37:38,48.6,133.8167,57.33,89,77,4.72
242,Rivadavia,AR,2022-08-11 18:37:39,-33.1905,-68.4608,62.1,30,0,6.31
243,Upata,VE,2022-08-11 18:37:39,8.0086,-62.3989,84.2,77,53,2.86
244,Olinda,BR,2022-08-11 18:35:02,-8.0089,-34.8553,80.33,74,40,5.75
245,Fukuma,JP,2022-08-11 18:37:40,33.7667,130.4667,84.2,85,100,5.57
246,Xilopolis,GR,2022-08-11 18:37:40,40.9271,23.1794,74.82,74,98,7.29
247,Praia Da Vitoria,PT,2022-08-11 18:37:40,38.7333,-27.0667,75.45,83,75,15.75
248,Hatten,DE,2022-08-11 18:37:41,53.0167,8.35,80.94,56,5,1.99
249,Hirara,JP,2022-08-11 18:37:41,24.8,125.2833,85.33,71,81,4.83
250,Sioux Lookout,CA,2022-08-11 18:37:42,50.1001,-91.917,69.87,43,20,4.61
251,Les Cayes,HT,2022-08-11 18:37:42,18.2,-73.75,90.25,55,0,11.41
252,Nabire,ID,2022-08-11 18:37:42,-3.3667,135.4833,74.37,92,46,3.18
253,Waingapu,ID,2022-08-11 18:37:43,-9.6567,120.2641,76.08,87,43,8.75
254,Faanui,PF,2022-08-11 18:37:43,-16.4833,-151.75,78.04,76,11,14.32
255,Ribas Do Rio Pardo,BR,2022-08-11 18:37:43,-20.4431,-53.7592,71.42,36,0,8.28
256,Acarau,BR,2022-08-11 18:37:44,-2.8856,-40.12,83.05,67,84,18.72
257,Petropavlovka,RU,2022-08-11 18:37:44,50.6114,105.3196,57.97,81,86,2.75
258,Salalah,OM,2022-08-11 18:37:45,17.0151,54.0924,77.09,100,100,4.61
259,Kutum,SD,2022-08-11 18:37:45,14.2,24.6667,73.63,64,98,4.99
260,Comodoro Rivadavia,AR,2022-08-11 18:35:36,-45.8667,-67.5,60.66,36,20,17.27
261,Nikolskoye,RU,2022-08-11 18:37:46,59.7035,30.7861,67.91,66,100,7.9
262,Sebinkarahisar,TR,2022-08-11 18:37:46,40.2883,38.4236,62.19,69,12,5.3
263,Saldanha,ZA,2022-08-11 18:37:47,-33.0117,17.9442,55.45,87,100,8.84
264,Mantua,IT,2022-08-11 18:37:47,45.1667,10.7833,85.24,50,25,3.0
265,Mackay,AU,2022-08-11 18:37:48,-21.15,149.2,58.68,81,54,8.9
266,Gorontalo,ID,2022-08-11 18:35:58,0.5412,123.0595,74.93,94,84,2.35
267,Acajutla,SV,2022-08-11 18:37:48,13.5928,-89.8275,84.97,71,19,6.26
268,Aanekoski,FI,2022-08-11 18:37:49,62.6946,25.818,64.67,90,94,7.07
269,Kualakapuas,ID,2022-08-11 18:37:49,-3.0091,114.3876,73.87,93,94,1.79
270,Vaitape,PF,2022-08-11 18:35:36,-16.5167,-151.75,78.06,75,11,14.29
271,Sydney,AU,2022-08-11 18:36:48,-33.8679,151.2073,57.76,79,100,13.8
272,Coihaique,CL,2022-08-11 18:38:50,-45.5752,-72.0662,50.61,61,75,0.0
273,Okhotsk,RU,2022-08-11 18:38:50,59.3833,143.3,56.37,96,100,3.36
274,Kalmunai,LK,2022-08-11 18:38:51,7.4167,81.8167,79.74,84,100,1.97
275,Atbasar,KZ,2022-08-11 18:38:51,51.8,68.3333,65.95,74,27,7.05
276,Luoyang,CN,2022-08-11 18:38:24,34.6836,112.4536,77.36,86,1,1.45
277,Coquimbo,CL,2022-08-11 18:38:52,-29.9533,-71.3436,55.13,82,100,6.91
278,Deputatskiy,RU,2022-08-11 18:38:52,69.3,139.9,47.44,81,100,4.29
279,Saint George,US,2022-08-11 18:35:58,37.1041,-113.5841,89.64,41,0,3.0
280,Narsaq,GL,2022-08-11 18:37:38,60.9167,-46.05,59.22,74,13,4.0
281,Tocopilla,CL,2022-08-11 18:38:53,-22.092,-70.1979,64.26,65,8,6.42
282,Sahuaripa,MX,2022-08-11 18:38:53,29.05,-109.2333,87.94,55,12,2.57
283,Camalu,MX,2022-08-11 18:38:54,30.85,-116.0667,79.02,64,99,7.7
284,Ilulissat,GL,2022-08-11 18:38:54,69.2167,-51.1,41.02,93,75,4.61
285,Auki,SB,2022-08-11 18:38:55,-8.7676,160.7034,75.81,89,100,3.56
286,Muli,MV,2022-08-11 18:38:55,2.9167,73.5667,81.43,78,15,8.28
287,Jibuti,DJ,2022-08-11 18:38:55,11.5,42.5,86.02,50,67,5.97
288,Sumenep,ID,2022-08-11 18:38:56,-7.0167,113.8667,80.46,81,92,11.1
289,Manavalakurichi,IN,2022-08-11 18:38:56,8.1333,77.3,78.46,82,100,12.88
290,Nancha,CN,2022-08-11 18:38:56,47.1333,129.2667,53.64,97,32,2.73
291,Vamvakou,GR,2022-08-11 18:38:57,39.3333,22.4167,77.54,73,100,7.38
292,Beloye,UA,2022-08-11 18:38:57,48.4952,39.0505,83.39,34,100,16.13
293,Soyo,AO,2022-08-11 18:38:58,-6.1349,12.3689,69.51,87,97,7.56
294,Rudnyy,KZ,2022-08-11 18:38:58,52.9594,63.1206,68.23,66,63,9.55
295,Mount Isa,AU,2022-08-11 18:38:58,-20.7333,139.5,64.17,34,75,10.36
296,Bubaque,GW,2022-08-11 18:34:08,11.2833,-15.8333,80.56,82,100,16.71
297,Yumen,CN,2022-08-11 18:38:59,40.2833,97.2,81.48,39,0,11.99
298,Boa Vista,BR,2022-08-11 18:36:39,2.8197,-60.6733,93.18,40,75,5.75
299,Wagar,SD,2022-08-11 18:38:59,16.1525,36.2032,83.34,64,36,17.4
300,Pimentel,PE,2022-08-11 18:39:00,-6.8367,-79.9342,71.89,60,0,13.8
301,Beidaud,RO,2022-08-11 18:39:00,44.7167,28.5667,75.22,54,0,8.21
302,Torbay,CA,2022-08-11 18:35:35,47.6666,-52.7314,62.28,83,100,9.22
303,Kaiserslautern,DE,2022-08-11 18:39:01,49.45,7.75,83.14,26,0,9.22
304,Vanavara,RU,2022-08-11 18:39:02,60.34,102.2797,50.23,96,27,4.0
305,Saint Marys,US,2022-08-11 18:35:23,30.7305,-81.5465,93.22,94,100,8.05
306,Kruisfontein,ZA,2022-08-11 18:39:03,-34.0033,24.7314,54.88,91,100,1.59
307,Mildura,AU,2022-08-11 18:36:11,-34.2,142.15,49.28,48,82,9.91
308,Najran,SA,2022-08-11 18:39:03,17.4924,44.1277,90.25,29,100,4.0
309,Klaksvik,FO,2022-08-11 18:38:48,62.2266,-6.589,54.52,79,100,11.52
310,Baijiantan,CN,2022-08-11 18:39:04,45.6333,85.1833,83.8,33,3,4.43
311,Kitimat,CA,2022-08-11 18:39:04,54.0524,-128.6534,73.78,57,2,4.0
312,Dunedin,NZ,2022-08-11 18:36:07,-45.8742,170.5036,36.81,72,3,1.01
313,Sao Filipe,CV,2022-08-11 18:39:05,14.8961,-24.4956,79.57,72,5,11.54
314,Aleksandrov Gay,RU,2022-08-11 18:39:05,50.147,48.5704,78.42,51,100,13.31
315,Trincomalee,LK,2022-08-11 18:39:23,8.5711,81.2335,81.41,75,100,16.26
316,Huoqiu,CN,2022-08-11 18:40:07,32.3394,116.2694,82.85,68,20,1.54
317,Chapleau,CA,2022-08-11 18:40:07,47.8405,-83.4034,68.09,37,0,8.05
318,Edea,CM,2022-08-11 18:40:08,3.8,10.1333,72.75,99,100,2.51
319,Grindavik,IS,2022-08-11 18:40:08,63.8424,-22.4338,52.27,76,75,13.8
320,Yining,CN,2022-08-11 18:40:09,29.0361,114.5636,79.03,73,100,2.44
321,Aykhal,RU,2022-08-11 18:40:10,66.0,111.5,46.58,97,100,16.75
322,Hobyo,SO,2022-08-11 18:40:10,5.3505,48.5268,77.02,75,87,25.9
323,Inirida,CO,2022-08-11 18:40:11,3.8653,-67.9239,84.76,69,89,1.86
324,Hueyapan,MX,2022-08-11 18:40:11,18.8667,-98.6667,71.78,53,100,3.44
325,Sungaipenuh,ID,2022-08-11 18:40:12,-2.0833,101.3833,67.77,98,94,0.58
326,Bambous Virieux,MU,2022-08-11 18:40:12,-20.3428,57.7575,70.21,64,40,18.41
327,Thunder Bay,CA,2022-08-11 18:38:17,48.4001,-89.3168,71.51,40,20,6.91
328,Cheremshan,RU,2022-08-11 18:40:13,54.6667,51.5,59.63,71,91,4.38
329,Muborak,UZ,2022-08-11 18:40:13,39.2553,65.1528,78.62,21,0,12.88
330,Ostersund,SE,2022-08-11 18:40:13,63.1792,14.6357,59.45,72,20,2.3
331,Shingu,JP,2022-08-11 18:40:04,33.7333,135.9833,78.22,92,100,1.79
332,Kallaste,EE,2022-08-11 18:40:14,58.655,27.1592,68.23,65,100,9.73
333,Asyut,EG,2022-08-11 18:40:15,27.181,31.1837,93.38,21,1,7.56
334,Padang,ID,2022-08-11 18:35:29,-0.9492,100.3543,79.03,89,92,3.11
335,Gimli,CA,2022-08-11 18:40:15,50.6336,-96.9907,72.0,47,99,6.69
336,Trang,TH,2022-08-11 18:40:16,7.5,99.5,75.33,94,100,0.92
337,Alyangula,AU,2022-08-11 18:40:16,-13.8483,136.4192,70.05,76,29,7.05
338,Khatanga,RU,2022-08-11 18:38:20,71.9667,102.5,44.28,65,100,5.88
339,Verkhoyansk,RU,2022-08-11 18:40:17,67.5447,133.385,52.03,91,48,4.76
340,Saint-Paul,RE,2022-08-11 18:40:17,-21.0096,55.2707,69.37,64,40,3.65
341,Rathenow,DE,2022-08-11 18:40:18,52.6066,12.337,76.01,32,65,6.38
342,Alekseyevsk,RU,2022-08-11 18:40:18,57.8406,108.3492,58.24,71,87,3.31
343,Huadian,CN,2022-08-11 18:40:18,42.9633,126.7478,60.19,95,5,3.51
344,Gravdal,NO,2022-08-11 18:40:19,68.1214,13.5031,51.69,82,75,6.91
345,Lakhnadon,IN,2022-08-11 18:40:19,22.6,79.6,72.79,94,100,5.82
346,Novokizhinginsk,RU,2022-08-11 18:40:20,51.6115,109.5917,52.93,93,35,5.77
347,Chernyshevsk,RU,2022-08-11 18:40:20,52.5243,117.0174,58.98,73,96,1.07
348,Jaciara,BR,2022-08-11 18:40:20,-15.9653,-54.9683,80.65,17,0,3.58
349,Plymouth,US,2022-08-11 18:40:21,41.8334,-70.8328,80.22,88,100,4.61
350,Half Moon Bay,US,2022-08-11 18:38:15,37.4636,-122.4286,80.15,69,100,17.27
351,Barcelona,ES,2022-08-11 18:36:14,41.3888,2.159,91.62,61,0,9.22
352,Olot,ES,2022-08-11 18:40:22,42.181,2.4901,81.27,58,100,3.0
353,Aklavik,CA,2022-08-11 18:40:22,68.2191,-135.0107,59.0,63,20,5.75
354,Olafsvik,IS,2022-08-11 18:40:22,64.8945,-23.7142,50.95,78,6,12.88
355,Belmonte,BR,2022-08-11 18:40:23,-15.8631,-38.8828,78.08,71,62,11.36
356,Caborca,MX,2022-08-11 18:40:23,30.5838,-111.101,88.36,40,65,2.39
357,Bodden Town,KY,2022-08-11 18:40:24,19.2833,-81.25,86.94,70,40,10.36
358,Camacha,PT,2022-08-11 18:40:24,33.0833,-16.3333,71.02,68,20,10.36
359,Mutare,ZW,2022-08-11 18:40:25,-18.9707,32.6709,58.33,62,0,4.29
360,Petropavlovsk-Kamchatskiy,RU,2022-08-11 18:40:25,53.0452,158.6483,50.59,100,100,4.47
361,Belle Fourche,US,2022-08-11 18:40:25,44.6714,-103.8522,100.51,13,15,1.63
362,Akdepe,TM,2022-08-11 18:40:26,42.0551,59.3788,78.89,33,0,11.23
363,Shache,CN,2022-08-11 18:41:26,38.4167,77.2406,82.71,38,100,4.05
364,Healesville,AU,2022-08-11 18:41:27,-37.65,145.5167,52.45,88,87,1.01
365,Ituverava,BR,2022-08-11 18:39:12,-20.3394,-47.7806,72.03,36,0,9.19
366,Wattegama,LK,2022-08-11 18:41:27,6.7989,81.4808,78.53,68,100,2.24
367,Maniitsoq,GL,2022-08-11 18:41:28,65.4167,-52.9,44.17,81,97,11.88
368,Mnogovershinnyy,RU,2022-08-11 18:41:28,53.9353,139.9242,53.01,99,100,2.42
369,Whitehorse,CA,2022-08-11 18:40:00,60.7161,-135.0538,54.37,84,100,12.66
370,Sibolga,ID,2022-08-11 18:41:29,1.7427,98.7792,75.38,81,17,4.68
371,Puebloviejo,CO,2022-08-11 18:41:29,10.9938,-74.2844,89.78,66,40,8.05
372,Luderitz,NA,2022-08-11 18:41:30,-26.6481,15.1594,56.93,84,32,8.88
373,Lebu,CL,2022-08-11 18:41:30,-37.6167,-73.65,52.81,77,100,4.25
374,Miri,MY,2022-08-11 18:38:21,4.4148,114.0089,82.54,89,40,3.44
375,Praya,CV,2022-08-11 18:38:56,14.9215,-23.5087,88.34,48,20,5.75
376,Cockburn Town,TC,2022-08-11 18:41:31,21.4612,-71.1419,81.75,75,12,15.12
377,Semnan,IR,2022-08-11 18:41:31,35.5729,53.3971,82.49,18,0,7.38
378,Puksoozero,RU,2022-08-11 18:41:32,62.5903,40.6066,62.82,65,100,12.3
379,Labuhan,ID,2022-08-11 18:41:32,-6.8844,112.2051,77.5,87,100,6.62
380,Chokurdakh,RU,2022-08-11 18:41:33,70.6333,147.9167,49.05,72,100,7.92
381,Carnot,CF,2022-08-11 18:41:33,4.9409,15.8665,69.6,95,100,2.44
382,Rosarito,MX,2022-08-11 18:41:33,32.3333,-117.0333,97.63,51,0,12.95
383,Makat,KZ,2022-08-11 18:41:34,47.6469,53.3463,88.72,19,0,9.44
384,San Cristobal,VE,2022-08-11 18:41:34,7.7669,-72.225,89.78,42,32,9.17
385,Nangal,IN,2022-08-11 18:41:34,31.3667,76.3833,77.94,77,100,3.89
386,Saint-Leu,RE,2022-08-11 18:41:35,-21.15,55.2833,68.32,65,71,3.15
387,Fernley,US,2022-08-11 18:40:02,39.608,-119.2518,89.56,26,0,3.69
388,Aloleng,PH,2022-08-11 18:41:36,16.1307,119.7824,79.99,81,100,1.63
389,Seoul,KR,2022-08-11 18:40:08,37.5683,126.9778,76.39,94,40,1.14
390,Ahipara,NZ,2022-08-11 18:41:36,-35.1667,173.1667,47.12,78,12,4.85
391,Lafiagi,NG,2022-08-11 18:41:38,8.8667,5.4167,75.51,93,100,2.71
392,Tiznit,MA,2022-08-11 18:41:38,29.5833,-9.5,75.13,60,0,6.33
393,Mazamari,PE,2022-08-11 18:41:39,-11.3258,-74.5308,86.86,45,29,1.72
394,Tigil,RU,2022-08-11 18:41:39,57.8,158.6667,57.6,93,91,4.79
395,Khani,GE,2022-08-11 18:41:40,41.9563,42.9566,67.57,90,3,2.28
396,Entre Rios,BR,2022-08-11 18:41:40,-11.9419,-38.0844,84.9,45,0,8.25
397,Port Lincoln,AU,2022-08-11 18:41:40,-34.7333,135.8667,53.94,78,97,19.08
398,Isangel,VU,2022-08-11 18:41:41,-19.55,169.2667,69.19,63,6,14.81
399,Repnoye,RU,2022-08-11 18:41:41,51.5921,43.1861,68.94,73,100,11.65
400,Verkhniy Baskunchak,RU,2022-08-11 18:41:42,48.2256,46.7217,85.37,33,91,20.8
401,Coria,ES,2022-08-11 18:41:42,39.9879,-6.5377,88.12,17,0,6.91
402,Coromandel,BR,2022-08-11 18:39:44,-18.4733,-47.2003,76.28,15,7,4.36
403,Mahroni,IN,2022-08-11 18:41:43,24.5862,78.7288,76.62,91,100,9.53
404,Ixtapa,MX,2022-08-11 18:41:43,20.7,-105.2,88.23,62,75,6.91
405,Kristinehamn,SE,2022-08-11 18:38:57,59.3098,14.1081,70.36,67,0,11.97
406,Namboongan,PH,2022-08-11 18:41:44,16.3033,120.3758,79.97,81,100,0.83
407,Victoria Point,AU,2022-08-11 18:41:44,-27.5833,153.3,60.15,95,100,3.2
408,Chimoio,MZ,2022-08-11 18:41:44,-19.1164,33.4833,64.26,72,0,6.91
409,Xai-Xai,MZ,2022-08-11 18:42:46,-25.0519,33.6442,68.94,72,11,9.95
410,Guerrero Negro,MX,2022-08-11 18:42:46,27.9769,-114.0611,82.26,47,2,13.35
411,Minudasht,IR,2022-08-11 18:42:47,37.2289,55.3747,78.37,38,0,0.0
412,Kailua,US,2022-08-11 18:42:47,21.4022,-157.7394,82.38,73,75,14.97
413,Sitka,US,2022-08-11 18:42:47,57.0531,-135.33,60.69,82,75,0.0
414,Martil,MA,2022-08-11 18:42:48,35.6166,-5.2752,78.76,73,40,6.91
415,Vao,NC,2022-08-11 18:42:48,-22.6667,167.4833,68.0,57,5,16.69
416,Yenagoa,NG,2022-08-11 18:42:49,4.9247,6.2642,74.62,93,100,5.08
417,Kamwenge,UG,2022-08-11 18:42:49,0.1866,30.4539,72.34,60,100,2.98
418,Vardo,NO,2022-08-11 18:42:49,70.3705,31.1107,53.58,87,100,8.05
419,Hervey Bay,AU,2022-08-11 18:39:19,-25.2986,152.8535,62.55,82,100,3.78
420,Godda,IN,2022-08-11 18:42:50,24.8333,87.2167,77.97,90,2,4.81
421,Zlate Hory,CZ,2022-08-11 18:42:50,50.2638,17.396,61.21,73,34,3.62
422,Harper,LR,2022-08-11 18:42:51,4.375,-7.7169,76.44,79,98,10.87
423,Kuytun,RU,2022-08-11 18:42:11,54.3419,101.5036,51.85,93,6,3.58
424,Cajabamba,PE,2022-08-11 18:42:51,-7.6167,-78.05,67.41,37,44,5.79
425,Hualmay,PE,2022-08-11 18:42:52,-11.0964,-77.6139,67.53,68,16,10.11
426,Ranau,MY,2022-08-11 18:42:52,5.9538,116.6641,71.04,96,98,0.27
427,Kokorevka,RU,2022-08-11 18:42:52,52.5872,34.2778,66.83,77,15,9.28
428,Saint Anthony,US,2022-08-11 18:42:53,45.0205,-93.218,83.84,45,0,11.5
429,Hwange,ZW,2022-08-11 18:42:53,-18.3693,26.5019,69.03,34,0,2.75
430,Zyryanka,RU,2022-08-11 18:42:53,65.75,150.85,60.76,67,97,7.56
431,Makaha,US,2022-08-11 18:42:54,21.4694,-158.2175,82.31,61,100,11.5
432,Misratah,LY,2022-08-11 18:42:54,32.3754,15.0925,82.74,62,0,6.42
433,Emmett,US,2022-08-11 18:42:55,43.8735,-116.4993,94.37,41,0,1.01
434,Bonavista,CA,2022-08-11 18:42:55,48.6499,-53.1147,58.5,79,88,11.74
435,Machali,CL,2022-08-11 18:42:55,-34.1833,-70.6667,61.88,45,0,5.75
436,Hofn,IS,2022-08-11 18:42:56,64.2539,-15.2082,51.94,83,100,15.95
437,Chivay,PE,2022-08-11 18:42:56,-15.6383,-71.6011,61.84,22,6,3.71
438,Muros,ES,2022-08-11 18:42:57,42.7762,-9.0603,73.09,87,55,1.59
439,Nakamura,JP,2022-08-11 18:42:57,32.9833,132.9333,76.6,95,91,2.91
440,Kavaratti,IN,2022-08-11 18:42:57,10.5669,72.642,81.39,83,22,20.47
441,Broken Hill,AU,2022-08-11 18:42:53,-31.95,141.4333,47.03,51,10,15.59
442,Cameta,BR,2022-08-11 18:42:58,-2.2444,-49.4958,92.39,44,98,4.21
443,Riyadh,SA,2022-08-11 18:41:18,24.6877,46.7219,104.14,15,11,12.62
444,Batagay-Alyta,RU,2022-08-11 18:42:58,67.8006,130.4114,49.15,83,99,5.53
445,Bayan,CN,2022-08-11 18:42:59,46.0833,127.4,55.74,94,5,4.65
446,Emirdag,TR,2022-08-11 18:42:59,39.0197,31.15,67.98,63,0,6.87
447,Gravelbourg,CA,2022-08-11 18:43:00,49.8834,-106.5512,78.13,32,100,16.84
448,Twentynine Palms,US,2022-08-11 18:41:03,34.1356,-116.0542,97.14,30,51,4.0
449,Cabra,ES,2022-08-11 18:43:01,37.4725,-4.4421,88.2,35,0,6.8
450,Teknaf,BD,2022-08-11 18:43:01,20.8624,92.3058,79.23,89,100,3.65
451,Husavik,IS,2022-08-11 18:43:01,66.0449,-17.3389,53.42,67,100,5.84
452,Naze,JP,2022-08-11 18:43:02,28.3667,129.4833,79.72,83,100,5.17
453,Liverpool,GB,2022-08-11 18:43:02,53.4106,-2.9779,86.54,50,0,10.36
454,Nantucket,US,2022-08-11 18:43:03,41.2835,-70.0995,71.74,75,100,4.61
455,Tubmanburg,LR,2022-08-11 18:43:03,6.8708,-10.8172,74.39,91,65,6.22
456,Darhan,MN,2022-08-11 18:44:04,49.4867,105.9228,59.34,85,94,3.15
457,Penzance,GB,2022-08-11 18:44:04,50.1186,-5.5371,79.48,66,0,7.74
458,Benguela,AO,2022-08-11 18:44:05,-12.5763,13.4055,68.92,83,55,3.51
459,Tselinnoye,RU,2022-08-11 18:44:05,53.0833,85.6667,60.75,93,100,2.77
460,Sens,FR,2022-08-11 18:44:05,48.1667,3.3333,80.37,24,0,9.19
461,Gat,IL,2022-08-11 18:43:05,31.61,34.7642,81.81,100,0,6.62
462,Dali,CN,2022-08-11 18:44:06,25.7,100.1833,63.97,90,82,4.47
463,Chicama,PE,2022-08-11 18:44:06,-7.8447,-79.1469,61.34,58,13,9.4
464,Sampit,ID,2022-08-11 18:44:07,-2.5333,112.95,74.34,93,97,2.26
465,Roald,NO,2022-08-11 18:44:07,62.5833,6.1333,62.17,94,75,4.61
466,Esso,RU,2022-08-11 18:44:07,55.9333,158.7,54.27,91,12,3.06
467,Honiara,SB,2022-08-11 18:44:08,-9.4333,159.95,76.23,92,99,6.02
468,Zhangye,CN,2022-08-11 18:39:12,38.9342,100.4517,82.15,52,4,2.68
469,Santa Vitoria Do Palmar,BR,2022-08-11 18:44:08,-33.5189,-53.3681,59.05,70,16,6.15
470,Konstantinovo,BY,2022-08-11 18:44:09,54.6628,29.2699,61.52,79,0,2.44
471,Zyryanskoye,RU,2022-08-11 18:44:09,56.8306,86.6258,53.78,81,0,6.51
472,Jiamusi,CN,2022-08-11 18:39:10,46.8333,130.35,56.61,93,4,3.76
473,Pitmoaga,BF,2022-08-11 18:44:10,12.2397,-1.8767,87.42,70,100,7.49
474,Denia,ES,2022-08-11 18:44:10,38.8408,0.1057,87.64,55,0,8.01
475,Tabou,CI,2022-08-11 18:44:11,4.423,-7.3528,76.57,78,99,9.84
476,Severnoye,RU,2022-08-11 18:44:11,56.3491,78.3619,58.26,88,5,6.76
477,Mlonggo,ID,2022-08-11 18:44:11,-6.5333,110.7,78.93,81,99,5.14
478,Suihua,CN,2022-08-11 18:44:12,46.6406,126.9969,55.22,94,0,5.82
479,Ambulu,ID,2022-08-11 18:44:12,-8.345,113.6058,75.16,93,57,2.84
480,Dharchula,IN,2022-08-11 18:44:13,29.85,80.5333,72.3,77,42,4.76
481,Bandarbeyla,SO,2022-08-11 18:44:13,9.4942,50.8122,77.45,75,100,29.57
482,Korla,CN,2022-08-11 18:44:14,41.7597,86.1469,86.49,27,15,16.69
483,Brezovo,BG,2022-08-11 18:44:14,42.35,25.0833,68.99,47,93,5.64
484,Nouadhibou,MR,2022-08-11 18:44:14,20.931,-17.0347,76.98,69,1,21.85
485,Ostrovnoy,RU,2022-08-11 18:44:15,68.0531,39.5131,53.65,88,7,6.93
486,Sakakah,SA,2022-08-11 18:44:15,29.9697,40.2064,98.17,23,0,8.93
487,Les Mureaux,FR,2022-08-11 18:44:16,49.0,1.9167,88.38,28,0,6.91
488,Berlevag,NO,2022-08-11 18:44:16,70.8578,29.0864,55.2,87,75,9.22
489,Fuerte Olimpo,PY,2022-08-11 18:44:17,-21.0415,-57.8738,77.94,24,0,4.63
490,Clinton,US,2022-08-11 18:40:42,42.587,-82.9199,80.89,56,75,11.5
491,Gloversville,US,2022-08-11 18:44:17,43.0528,-74.3438,82.98,64,0,8.05
492,Naron,ES,2022-08-11 18:44:17,43.5167,-8.1528,73.6,90,9,3.53
493,Brae,GB,2022-08-11 18:44:18,60.3964,-1.353,54.68,97,100,8.55
494,Karratha,AU,2022-08-11 18:44:18,-20.7377,116.8463,63.57,29,1,13.4
495,San Quintin,MX,2022-08-11 18:44:19,30.4833,-115.95,77.41,67,100,10.29
496,La Palma,US,2022-08-11 18:44:19,33.8464,-118.0467,101.5,51,20,6.91
497,Mount Gambier,AU,2022-08-11 18:44:19,-37.8333,140.7667,46.15,96,100,4.99
498,Cayenne,GF,2022-08-11 18:44:20,4.9333,-52.3333,86.09,16,0,4.61
499,Mehamn,NO,2022-08-11 18:44:20,71.0357,27.8492,53.55,76,75,29.93
500,Dublin,US,2022-08-11 18:42:13,37.7021,-121.9358,82.9,57,0,10.36
501,Sorong,ID,2022-08-11 18:44:21,-0.8833,131.25,76.5,88,96,8.81
502,Coihueco,CL,2022-08-11 18:44:21,-36.6167,-71.8333,50.74,76,0,5.75
503,Tiarei,PF,2022-08-11 18:45:22,-17.5333,-149.3333,80.62,75,4,12.82
504,Kenai,US,2022-08-11 18:45:03,60.5544,-151.2583,57.29,95,100,9.22
505,Lerwick,GB,2022-08-11 18:45:22,60.1545,-1.1494,55.4,98,100,7.85
506,Mangrol,IN,2022-08-11 18:45:23,21.1167,70.1167,80.69,90,100,21.0
507,Southampton,GB,2022-08-11 18:45:23,50.904,-1.4043,88.45,34,0,7.0
508,Morant Bay,JM,2022-08-11 18:45:23,17.8815,-76.4093,89.22,64,0,11.99
509,Toro,CO,2022-08-11 18:45:24,4.6117,-76.0814,83.08,61,61,2.55
510,Dzhebariki-Khaya,RU,2022-08-11 18:45:24,62.2167,135.8,55.4,95,93,0.65
511,Torrevieja,ES,2022-08-11 18:45:25,37.9787,-0.6822,89.6,74,0,3.0
512,Tougan,BF,2022-08-11 18:45:25,13.0667,-3.0667,83.62,66,73,9.69
513,Los Llanos De Aridane,ES,2022-08-11 18:45:25,28.6585,-17.9182,71.13,83,75,16.11
514,Kotaparh,IN,2022-08-11 18:45:27,19.15,82.35,72.48,95,100,6.87
515,Verkh-Usugli,RU,2022-08-11 18:45:27,52.7,115.1667,51.48,85,98,2.59
516,Caxito,AO,2022-08-11 18:45:28,-8.5785,13.6643,68.16,87,24,5.5
517,Poya,NC,2022-08-11 18:45:28,-21.35,165.15,61.47,73,32,7.14
518,Mitsamiouli,KM,2022-08-11 18:45:28,-11.3847,43.2844,75.49,78,20,8.05
519,La Cruz,MX,2022-08-11 18:45:29,23.9167,-106.9,90.57,58,99,8.37
520,Palmerston,AU,2022-08-11 18:45:29,-12.486,130.9833,73.38,93,4,3.44
521,Cabinda,AO,2022-08-11 18:45:29,-5.55,12.2,70.05,90,100,7.05
522,Singen,DE,2022-08-11 18:45:30,47.7594,8.8403,78.69,63,31,5.5
523,Lagos,NG,2022-08-11 18:44:58,6.5833,3.75,79.12,86,100,6.62
524,Asau,RO,2022-08-11 18:45:30,46.4333,26.4,63.52,69,60,5.17
525,Sorland,NO,2022-08-11 18:45:31,67.667,12.6934,51.66,84,87,25.79
526,Guayaramerin,BO,2022-08-11 18:45:31,-10.8368,-65.3614,84.25,37,0,5.75
527,Sandovo,RU,2022-08-11 18:45:31,58.4602,36.4128,59.27,69,100,5.03
528,Fortuna,US,2022-08-11 18:45:32,40.5982,-124.1573,63.99,85,100,8.05
529,Jiayuguan,CN,2022-08-11 18:45:32,39.8167,98.3,80.1,49,0,7.25
530,Kantunilkin,MX,2022-08-11 18:45:32,21.0917,-87.45,97.84,33,16,8.08
531,Beruwala,LK,2022-08-11 18:45:33,6.4788,79.9828,78.8,90,100,5.66
532,Teguise,ES,2022-08-11 18:45:33,29.0605,-13.564,73.62,61,20,19.57
533,Pankovka,RU,2022-08-11 18:45:34,58.5,31.1999,62.11,75,98,5.26
534,Belyy Yar,RU,2022-08-11 18:45:34,53.6039,91.3903,62.49,77,0,4.47
535,Nara,JP,2022-08-11 18:45:34,34.6851,135.8049,83.52,66,99,2.44
536,North Bend,US,2022-08-11 18:45:35,43.4065,-124.2243,73.92,94,40,6.91
537,Bandar-E Lengeh,IR,2022-08-11 18:45:35,26.5579,54.8807,96.91,56,100,6.91
538,Tres Arroyos,AR,2022-08-11 18:45:36,-38.3739,-60.2798,61.36,48,0,17.31
539,La Ronge,CA,2022-08-11 18:45:36,55.1001,-105.2842,77.22,53,40,10.36
540,Troitskoye,RU,2022-08-11 18:45:36,52.9821,84.6757,60.04,90,100,3.02
541,Bata,GQ,2022-08-11 18:45:37,1.8639,9.7658,76.55,85,100,9.55
542,Christchurch,NZ,2022-08-11 18:41:23,-43.5333,172.6333,28.47,100,6,1.14
543,Kununurra,AU,2022-08-11 18:45:37,-15.7667,128.7333,73.38,35,6,6.91
544,Porto Santo,PT,2022-08-11 18:45:38,33.072,-16.3415,73.78,68,20,9.22
545,Seymchan,RU,2022-08-11 18:45:38,62.8833,152.4333,58.12,89,100,2.53
546,Saint-Georges,GD,2022-08-11 18:45:39,12.0564,-61.7485,87.48,66,75,8.05
547,Porto Tolle,IT,2022-08-11 18:45:39,44.9497,12.3245,76.75,42,6,2.98
548,Great Falls,US,2022-08-11 18:45:40,47.5002,-111.3008,85.39,32,0,12.66
549,Kanniyakumari,IN,2022-08-11 18:45:40,8.0833,77.5667,79.97,78,100,18.45
550,Khoy,IR,2022-08-11 18:45:41,38.5504,44.9535,78.17,44,0,4.61
551,Candoni,PH,2022-08-11 18:46:41,9.817,122.6043,75.36,89,43,1.48
552,Kieta,PG,2022-08-11 18:46:41,-6.2167,155.6333,78.26,82,100,1.01
553,Eston,CA,2022-08-11 18:46:42,51.1501,-108.7514,76.93,44,95,14.34
554,Port Macquarie,AU,2022-08-11 18:46:42,-31.4333,152.9167,51.89,81,100,6.42
